,,,,,,,,,,
,,,,,,,,,,I have considerable experience...
BG1,4,3,4,4,5,4,1,3.57,1.27,...with object-oriented frameworks.
BG2,3,4,3,5,4,4,1,3.43,1.27,...with the Oghma framework.
BG3,5,4,4,4,5,4,2,4.00,1.00,...with the C# programming language.
BG4,3,3,4,4,4,2,5,3.57,0.98,...doing requirements engineering.
BG5,5,3,5,4,5,1,5,4.00,1.53,...developing industrial-level applications.
BG6,3,4,4,4,5,2,5,3.86,1.07,...analyzing and specifying information systems.
BG7,2,4,4,3,4,2,5,3.43,1.13,...testing and ensuring product quality.
BG8,4,4,4,4,5,3,4,4.00,0.58,"...with object-oriented architecture, design and implementation."
BG9,2,4,4,3,4,3,2,3.14,0.90,...with agile development methodologies.
BG10,4,4,3,3,4,3,2,3.29,0.76,...with classical development methodologies.
BG11,4,2,1,1,2,1,2,1.86,1.07,...with formal development methodologies.
BG12,1,3,4,4,4,2,4,3.14,1.21,...with UML.
,,,,,,,,,,Overall...
OVS1,3,4,4,4,4,4,4,3.86,0.38,...I found Oghma suitable for solving most tasks I needed.
OVS2,3,4,4,5,5,4,3,4.00,0.82,"...I found myself thinking more about the end system in terms of domain objects, instead of implementation artifacts."
OVS3,3,3,2,2,2,1,2,2.14,0.69,...I found it difficult to directly translate specifications into final artifacts.
OVS4,3,5,4,4,4,5,3,4.00,0.82,...I was able to create and evolve the underlying object model at least as rapidly as I could normally have created a specification.
OVS5,3,5,4,5,4,5,3,4.14,0.90,...I was able to create and evolve the user interface at least as rapidly as it could normally have been prototyped.
OVS6,3,2,3,2,1,1,1,1.86,0.90,...I felt that any additional requirements represented considerable added effort compared to conventional approaches.
OVS7,3,2,3,1,1,1,2,1.86,0.90,...I felt that any change of requirements represented considerable added effort compared to conventional approaches.
OVS8,3,4,4,5,4,5,5,4.29,0.76,...The resulting application could be used in production-level environments with minimal or no change.
,,,,,,,,,,I found the development style of this setup suitable for...
DVP1.1,3,5,5,5,5,5,3,4.43,0.98,... using in the context of agile methodologies.
DVP1.2,3,4,5,4,4,3,3,3.71,0.76,... using in the context of classic methodologies.
DVP1.3,3,3,5,3,3,3,3,3.29,0.76,... using in the context of formal methodologies.
DVP1.4,3,3,4,5,4,5,3,3.86,0.90,... developing face to face with the client.
,,,,,,,,,,"Concerning the development process, most of my difficulties where.."
DVP2.1,3,2,2,1,2,2,3,2.14,0.69,... dealing with the Persistency Engine.
DVP2.2,3,2,4,1,2,2,3,2.43,0.98,... building a Graphical User Interface.
DVP2.3,3,5,3,2,4,4,3,3.43,0.98,... implementing the core Business Logic.
DVP2.4,3,2,3,2,4,2,3,2.71,0.76,... learning the Domain Specific Language.
DVP2.5,3,4,4,2,4,3,3,3.29,0.76,... understanding the Infrastructure
DVP2.6,3,4,5,2,4,4,3,3.57,0.98,... extending the Framework.
,,,,,,,,,,"Given that the basic infrastructure now exists, and with suitable modifications to the development process, my expectations are that subsequent systems developed with it, when compared to a more conventional approach, would be..."
FT1,3,5,4,5,5,5,5,4.57,0.79,... developed faster.
FT2,3,4,4,5,4,5,5,4.29,0.76,... less expensive.
FT3,3,3,4,4,4,4,4,3.71,0.49,... more comprehensively tested.
FT4,3,5,4,4,5,5,4,4.29,0.76,... more easy to maintain.
,,,,,,,,,,"Would I choose to continue developing with this setup, I would value..."
LS1,3,4,5,5,5,4,3,4.14,0.90,... having extensive reference documentation.
LS2,3,5,5,5,5,3,3,4.14,1.07,... having technical description of the infrastructure.
LS3,3,5,5,5,4,5,3,4.29,0.95,... having written walk-throughs and tutorials.
LS4,3,3,4,4,3,4,3,3.43,0.53,... having screencasts/videos.
LS5,3,4,5,5,4,3,3,3.86,0.90,... having more example implementations.
,,,,,,,,,,"Concerning new features to be added to the framework, I would value..."
W1,3,5,5,5,4,4,4,4.29,0.76,... an web-powered (HTML5) user-interface.
W2,3,4,5,5,3,5,5,4.29,0.95,... workflows and business process management modeling.
W3,3,4,5,4,2,4,4,3.71,0.95,... more hooks.
W4,3,5,4,5,5,5,5,4.57,0.79,... graphical model editor.
W5,3,3,3,5,4,3,3,3.43,0.79,... interoperability with third-party model tools.
W6,3,4,5,5,5,4,3,4.14,0.90,... extensive support for model refactoring.