BG1.1,4,3,3,3,3,3,4,4,4,3.44,0.53,,4,3,4,3,3,2,4,3,5,3.44,0.88,=,0.500,41.0,1.000,0.539,0.500,I have considerable experience using frameworks,
BG1.2,1,1,2,1,1,1,1,1,1,1.11,0.33,,4,4,4,1,2,2,5,3,3,3.11,1.27,<,0.000,6.0,0.001,0.001,1.000,I have considerable experience with this particular framework,
BG1.3,5,3,4,4,4,2,2,2,4,3.33,1.12,,5,4,4,5,4,4,4,4,5,4.33,0.50,=,0.013,19.5,0.045,0.022,0.982,I have considerable experience with this particular programming language,
BG1.4,3,4,3,2,3,2,2,2,2,2.56,0.73,,2,2,3,2,2,2,4,4,4,2.78,0.97,=,0.295,36.5,0.731,0.366,0.671,I have considerable experience developing industrial-level applications,
BG1.5,2,5,4,2,3,3,3,3,3,3.11,0.93,,3,3,3,4,1,4,3,2,4,3.00,1.00,=,0.405,39.5,0.962,0.481,0.557,I have considerable experience analyzing and specifying information systems,
BG1.6,4,5,4,4,3,4,5,5,5,4.33,0.71,,2,4,2,4,3,4,4,4,4,3.44,0.88,=,0.016,62.5,0.036,0.986,0.018,I have considerable experience with object-oriented architecture design and implementation,
BG1.7,4,4,4,4,2,4,4,4,3,3.67,0.71,,3,3,4,4,3,2,3,3,1,2.89,0.93,=,0.031,62.0,0.043,0.983,0.021,I have considerable experience with agile development methodologies,
BG1.8,4,5,4,3,3,4,4,4,4,3.89,0.60,,3,3,3,4,4,4,4,3,5,3.67,0.71,=,0.241,48.5,0.457,0.800,0.229,I have considerable experience with classical development methodologies,
BG1.9,3,4,4,3,2,3,2,2,2,2.78,0.83,,2,3,2,3,2,2,3,3,4,2.67,0.71,=,0.382,43.0,0.848,0.613,0.424,I have considerable experience with formal development methodologies,
BG1.10,2,5,4,4,3,4,5,5,5,4.11,1.05,,3,3,4,4,4,4,3,2,4,3.44,0.73,=,0.069,58.5,0.102,0.958,0.051,I have considerable experience with UML class diagrams,
EF1,1,1,1,2,2,2,3,3,2,1.89,0.78,,1,1,1,2,1,1,3,1,5,1.78,1.39,=,0.419,50.0,0.389,0.831,0.195,I felt disturbed and observed by the cameras,
EF2,5,5,5,3,4,4,5,4,5,4.44,0.73,,3,2,5,3,5,2,3,4,3,3.33,1.12,=,0.012,63.5,0.037,0.985,0.019,I enjoyed programming in the experiment,
EF3,5,5,4,5,4,4,5,5,5,4.67,0.50,,5,3,4,3,5,4,4,4,3,3.89,0.78,=,0.011,63.0,0.035,0.986,0.018,I would work with my partners again,
OVS1,3,4,3,4,4,4,3,4,4,3.67,0.50,,2,2,3,2,3,2,2,4,2,2.44,0.73,>,0.000,72.0,0.004,0.999,0.002,Overall this particular setup was suitable for solving every task presented,
OVS2,1,3,3,3,4,3,4,3,3,3.00,0.87,,4,4,4,3,4,3,4,3,4,3.67,0.50,>,0.031,21.0,0.059,0.030,0.977,I found myself thinking more about the end system purely in terms of the structure of domain objects,
OVS3,1,2,3,4,3,4,3,3,3,2.89,0.93,,4,3,3,4,3,3,2,2,2,2.89,0.78,<,0.500,42.5,0.886,0.594,0.443,I found myself thinking more about the end system more in terms of the structure of the database and user interaction,
OVS4,3,2,3,3,3,2,1,1,2,2.22,0.83,,3,3,4,2,3,2,3,2,4,2.89,0.78,<,0.050,24.5,0.143,0.072,0.940,I found very difficult to directly translate specifications into final artifacts,
OVS5,4,3,2,4,4,4,3,3,4,3.44,0.73,,2,3,3,4,4,3,3,4,3,3.22,0.67,>,0.254,48.5,0.466,0.796,0.233,I was able to create the underlying object model at least as rapidly as we could normally have created a specification,
OVS6,1,3,3,4,2,5,5,5,5,3.67,1.50,,1,1,1,2,1,2,1,2,1,1.33,0.50,>,0.000,73.5,0.003,0.999,0.001,I was able to create the user interface at least as rapidly as it could normally have been prototyped,
OVS7,1,1,4,1,3,2,1,1,1,1.67,1.12,,2,2,2,3,4,2,3,4,3,2.78,0.83,<,0.015,15.5,0.025,0.012,0.990,Additional requirements represented considerable added effort,
OVS8,1,1,4,2,3,2,1,1,2,1.89,1.05,,2,3,2,4,4,2,4,3,3,3.00,0.87,<,0.013,16.5,0.032,0.016,0.987,Change of existing requirements represented considerable added effort,
OVS9,3,3,3,2,1,1,3,3,3,2.44,0.88,,1,1,1,1,2,3,1,3,1,1.56,0.88,>,0.024,60.5,0.058,0.977,0.029,I found that the resulting application could be used in production-level environments with minimal or no change,
DVP1.1,5,5,4,4,4,3,5,4,5,4.33,0.71,,3,4,3,4,4,2,2,4,4,3.33,0.87,=,0.008,65.0,0.022,0.991,0.011,I found the development style of this setup suitable for using in the context of agile methodologies,
DVP1.2,3,3,2,3,4,4,2,3,2,2.89,0.78,,3,3,3,3,2,3,4,2,3,2.89,0.60,=,0.500,40.0,1.000,0.500,0.539,I found the development style of this setup suitable for using in the context of classic methodologies,
DVP1.3,1,3,3,3,3,4,1,2,2,2.44,1.01,,3,3,3,2,2,2,3,2,2,2.44,0.53,=,0.500,42.0,0.924,0.576,0.462,I found the development style of this setup suitable for using in the context of formal methodologies,
DVP1.4,1,4,5,5,4,4,5,4,5,4.11,1.27,,3,5,3,4,2,2,1,4,1,2.78,1.39,>,0.025,63.0,0.045,0.982,0.022,I found the development style of this setup suitable for developing face to face with the client,
DVP2.1,1,5,4,1,4,3,1,1,1,2.33,1.66,,3,5,5,2,1,2,5,4,5,3.56,1.59,<,0.065,22.0,0.101,0.050,0.959,Concerning this particular setup most of my difficulties where dealing with the Persistency Engine,
DVP2.2,3,3,4,1,1,3,1,1,1,2.00,1.22,,5,4,4,4,5,4,3,4,5,4.22,0.67,<,0.000,5.0,0.001,0.001,1.000,Concerning this particular setup most of my difficulties where building a Graphical User Interface,
DVP2.3,2,2,3,5,4,4,5,3,2,3.33,1.22,,3,2,1,1,3,1,1,2,3,1.89,0.93,<,0.006,66.0,0.023,0.991,0.012,Concerning this particular setup most of my difficulties where implementing the core Business Logic,
FT1.1,5,5,4,4,4,5,5,5,4,4.56,0.53,,5,5,5,3,3,4,4,4,1,3.78,1.30,>,0.058,55.5,0.166,0.931,0.083,Developed faster when compared to a conventional approach,
FT1.2,5,5,4,4,4,4,4,4,3,4.11,0.60,,5,3,4,3,3,3,4,4,1,3.33,1.12,>,0.042,59.0,0.085,0.966,0.042,Less expensive than using a more conventional approach,
FT1.3,3,4,4,3,3,1,3,2,2,2.78,0.97,,5,3,3,4,4,3,4,3,1,3.33,1.12,>,0.139,27.5,0.242,0.121,0.897,More comprehensively tested than would using a more conventional approach,
FT1.4,3,5,4,3,3,3,3,3,3,3.33,0.71,,5,4,4,4,2,2,4,3,1,3.22,1.30,>,0.412,39.0,0.926,0.463,0.574,More easy to maintain overall consistency,
LS1.1,5,4,4,4,3,3,1,3,3,3.33,1.12,,4,4,3,3,2,2,3,4,3,3.11,0.78,=,0.316,47.5,0.540,0.760,0.270,Point out the correct sequence of steps that lead to the solution,
LS1.2,5,3,4,3,4,4,5,4,4,4.00,0.71,,3,5,3,3,4,3,4,4,3,3.56,0.73,=,0.103,54.5,0.196,0.917,0.098,Point out the superfluous and ``dead-end'' paths to warn of the hazard,
LS1.3,3,3,4,4,4,4,3,3,3,3.44,0.53,,4,3,4,5,2,3,3,3,4,3.44,0.88,=,0.500,41.0,1.000,0.539,0.500,Tell them what you thought the solution could be,
LS1.4,1,4,4,2,2,2,3,4,2,2.67,1.12,,3,1,3,2,2,2,2,2,3,2.22,0.67,=,0.160,49.0,0.446,0.804,0.223,Tell them only the classes they need to look at.The rest is up to them,
LS1.5,5,4,4,3,3,2,3,3,5,3.56,1.01,,4,2,3,4,3,3,3,2,4,3.11,0.78,=,0.157,50.0,0.399,0.826,0.200,The starting point you took.They eventually will dig out the rest,
LS2.1,5,3,4,2,4,4,5,4,4,3.89,0.93,,5,4,5,4,4,2,3,2,3,3.56,1.13,=,0.252,47.5,0.544,0.758,0.272,The minimal steps he/she took to reach the solution,
LS2.2,1,2,3,2,4,1,1,2,3,2.11,1.05,,4,4,4,3,3,3,2,1,3,3.00,1.00,=,0.043,21.5,0.091,0.045,0.963,All the steps (including the ``dead-ends'') he/she took to reach the solution,
LS2.3,2,4,3,4,2,4,3,5,5,3.56,1.13,,3,3,4,5,3,3,4,4,3,3.56,0.73,=,0.500,41.5,0.963,0.556,0.481,The starting-point and a direction would be sufficient,
LS2.4,5,5,4,5,4,4,5,4,1,4.11,1.27,,5,4,5,4,2,4,4,4,5,4.11,0.93,=,0.500,44.0,0.770,0.652,0.385,The fundamental step that makes you ``click'' (Aha!! Got it!!),
LS2.5,1,2,3,3,2,4,1,3,2,2.33,1.00,,2,5,1,2,4,3,2,1,1,2.33,1.41,=,0.500,43.5,0.819,0.626,0.410,What the previous developer thought of when trying to solve the problem,
LS2.6,3,5,4,4,2,3,3,2,2,3.11,1.05,,1,4,4,3,3,4,3,3,4,3.22,0.97,=,0.410,35.0,0.642,0.321,0.712,The final class diagram,
LS3.1,3,5,4,3,2,5,4,5,5,4.00,1.12,,2,5,4,4,4,2,4,3,4,3.56,1.01,=,0.195,51.0,0.356,0.845,0.178,Right at the start,
LS3.2,4,3,5,4,2,3,5,4,3,3.67,1.00,,3,5,4,2,3,2,3,4,5,3.44,1.13,=,0.332,45.5,0.680,0.693,0.340,Figuring out how concepts (classes) relate,
LS3.3,5,2,3,2,4,3,3,3,1,2.89,1.17,,4,2,1,3,4,4,3,2,2,2.78,1.09,=,0.419,42.0,0.927,0.573,0.464,When writing code,
LS3.4,1,2,3,1,4,4,1,3,2,2.33,1.22,,3,2,1,4,5,4,3,2,4,3.11,1.27,=,0.102,26.5,0.221,0.111,0.906,Testing,
LS4,5,4,3,4,4,4,5,5,4,4.22,0.67,,4,3,4,3,3,3,3,4,3,3.33,0.50,=,0.003,67.5,0.011,0.996,0.006,I would be more confident using solving tips coming from other developers than from the inline help system,
LS5,5,3,3,4,4,5,5,4,4,4.11,0.78,,5,2,3,4,4,3,3,3,3,3.33,0.87,=,0.031,60.5,0.069,0.972,0.034,I would be more productive if the system pointed to potential errors instead of having to rely on the documentation,
LS6.1,4,2,4,4,4,4,5,4,5,4.00,0.87,,2,3,4,4,4,2,2,2,3,2.89,0.93,=,0.009,65.0,0.022,0.992,0.011,If I had to continue developing with this setup I would value having extensive reference documentation,
LS6.2,2,4,4,5,4,4,3,4,3,3.67,0.87,,2,4,4,5,2,3,2,2,5,3.22,1.30,=,0.203,49.0,0.460,0.797,0.230,If I had to continue developing with this setup I would value having written walk-throughs and tutorials,
LS6.3,5,3,4,3,3,4,1,3,2,3.11,1.17,,2,4,1,3,2,2,4,4,5,3.00,1.32,=,0.426,42.5,0.892,0.590,0.446,If I had to continue developing with this setup I would value having screencasts/videos,
LS6.4,5,5,4,4,4,4,5,4,4,4.33,0.50,,5,3,5,4,4,4,5,4,3,4.11,0.78,=,0.241,46.5,0.585,0.740,0.293,If I had to continue developing with this setup I would value having more example implementations,