date,revision,file,lines,nclass,nattr,nrel,bytes,compressed,diff,dcomp
2007-07-25,16,/trunk/Application/locvs.xml,96,11,22,5,4035,991,0,0
2007-07-27,17,/trunk/Application/locvs.xml,115,16,26,6,4740,1056,53,777
2007-08-09,18,/trunk/Application/locvs.xml,106,16,26,7,4966,1136,47,761
2007-08-10,19,/trunk/Application/locvs.xml,106,16,26,7,4968,1150,4,202
2007-09-06,81,/trunk/Application/locvs.xml,111,16,26,7,5110,1167,13,258
2007-09-06,82,/trunk/Application/locvs.xml,111,16,26,7,5122,1172,2,91
2007-09-06,84,/trunk/Application/locvs.xml,135,16,28,9,6006,1337,36,704
2007-09-06,85,/trunk/Application/locvs.xml,135,16,28,9,6018,1346,2,91
2007-09-07,88,/trunk/Application/locvs.xml,333,43,51,28,17052,2746,244,2418
2007-09-10,89,/trunk/Application/locvs.xml,380,50,53,35,19974,3169,55,958
2007-09-10,92,/trunk/Application/locvs.xml,382,50,53,35,19998,3181,10,217
2007-09-10,95,/trunk/Application/locvs.xml,415,53,63,37,21012,3271,119,1903
2007-09-10,96,/trunk/Application/locvs.xml,416,53,63,37,21053,3296,5,161
2007-09-10,97,/trunk/Application/locvs.xml,416,53,63,37,21166,3338,10,281
2007-09-11,101,/trunk/Application/locvs.xml,547,64,86,49,27709,4062,277,2576
2007-09-12,107,/trunk/Application/locvs.xml,903,108,154,81,46006,6088,380,3271
2007-09-12,108,/trunk/Application/locvs.xml,903,108,154,81,45997,6127,8,284
2007-09-12,115,/trunk/Application/locvs.xml,903,108,154,81,46021,6089,2,143
2007-09-13,121,/trunk/Application/locvs.xml,1251,152,203,116,64481,7971,371,3141
2007-09-13,131,/trunk/Application/locvs.xml,1382,164,211,156,74859,8429,1269,7307
2007-09-13,133,/trunk/Application/locvs.xml,1383,164,211,156,74885,8484,2,146
2007-09-14,135,/trunk/Application/locvs.xml,1386,164,211,156,75181,8489,3,175
2007-09-14,136,/trunk/Application/locvs.xml,1382,163,209,156,76582,8758,118,1999
2007-09-14,143,/trunk/Application/locvs.xml,1470,163,209,156,86589,9754,172,3085
2007-09-14,144,/trunk/Application/locvs.xml,1470,163,209,156,86805,9769,10,355
2007-09-15,146,/trunk/Application/locvs.xml,1470,163,209,156,87146,9837,28,825
2007-09-15,148,/trunk/Application/locvs.xml,1470,163,209,156,87130,9844,2,129
2007-09-15,152,/trunk/Application/locvs.xml,1466,163,209,155,86828,9871,34,810
2007-09-15,154,/trunk/Application/locvs.xml,1467,163,209,155,86882,9900,3,169
2007-09-17,157,/trunk/Application/locvs.xml,1467,163,209,155,86924,9945,42,799
2007-09-17,164,/trunk/Application/locvs.xml,1466,163,209,155,86622,9945,93,1869
2007-09-18,167,/trunk/Application/locvs.xml,1466,163,209,155,85887,9871,64,1573
2007-09-18,168,/trunk/Application/locvs.xml,1466,163,209,155,85888,9808,2,133
2007-09-18,171,/trunk/Application/locvs.xml,1466,163,209,155,86541,9910,40,977
2007-09-18,175,/trunk/Application/MetaModel/locvs.xml,1466,163,209,155,86541,9910,0,14
2007-09-18,180,/trunk/Application/MetaModel/locvs.xml,1474,163,209,155,86896,9905,106,1332
2007-09-18,184,/trunk/Application/MetaModel/locvs.xml,1474,163,209,155,86629,9903,10,423
2007-09-19,197,/trunk/Application/MetaModel/locvs.xml,1475,163,209,155,86667,9909,5,242
2007-09-20,200,/trunk/Application/MetaModel/locvs.xml,1475,163,209,155,86621,9910,8,303
2007-09-21,209,/trunk/Application/MetaModel/locvs.xml,1475,163,209,155,86567,9892,10,389
2007-09-21,211,/trunk/Application/MetaModel/locvs.xml,1475,163,209,155,86576,9922,12,357
2007-09-25,215,/trunk/Application/MetaModel/locvs.xml,1479,163,209,156,86973,9906,28,766
2007-09-28,226,/trunk/Application/MetaModel/locvs.xml,1480,163,209,156,92535,10026,657,6472
2007-09-28,227,/trunk/Application/MetaModel/locvs.xml,1481,163,210,156,92694,10000,13,553
2007-09-28,228,/trunk/Application/MetaModel/locvs.xml,1481,163,210,156,92692,9992,2,160
2007-09-28,229,/trunk/Application/MetaModel/locvs.xml,1483,164,210,156,92729,10004,18,509
2007-10-01,233,/trunk/Application/MetaModel/locvs.xml,1491,164,211,157,93183,10044,14,420
2007-10-04,243,/trunk/Application/MetaModel/locvs.xml,1489,164,211,157,93076,9987,8,325
2007-10-09,247,/trunk/Application/MetaModel/locvs.xml,1489,164,211,157,93106,9964,6,297
2007-10-09,252,/trunk/Application/MetaModel/locvs.xml,1496,164,214,157,93394,10102,9,249
2007-10-10,254,/trunk/Application/MetaModel/locvs.xml,1496,164,214,157,93395,10063,2,178
2007-10-12,257,/trunk/Application/MetaModel/locvs.xml,1496,164,214,157,93442,10135,4,231
2007-10-12,260,/trunk/Application/MetaModel/locvs.xml,1496,164,214,157,93504,10143,6,285
2007-10-15,263,/trunk/Application/MetaModel/locvs.xml,1514,164,217,157,94195,10296,18,416
2007-10-24,272,/trunk/Application/MetaModel/locvs.xml,1519,164,217,158,94526,10310,29,748
2007-10-24,273,/trunk/Application/MetaModel/locvs.xml,1514,164,217,157,94247,10286,25,586
2007-11-02,294,/trunk/Application/WebServer/locvs.xml,1514,164,217,157,94247,10286,0,14
2007-11-05,298,/trunk/Application/WebServer/locvs.xml,1514,164,217,157,94256,10213,12,413
2007-11-06,302,/trunk/Application/WebServer/locvs.xml,1525,166,219,157,94947,10321,61,1135
2007-11-07,305,/trunk/Application/WebServer/locvs.xml,1525,166,219,157,94946,10316,2,162
2007-11-07,306,/trunk/Application/WebServer/locvs.xml,1524,165,219,157,94850,10295,11,429
2007-11-08,308,/trunk/Application/WebServer/locvs.xml,1372,165,219,157,94277,10170,164,1103
2007-11-09,315,/trunk/Application/WebServer/locvs.xml,1387,169,221,159,95392,10252,67,1442
2007-11-09,316,/trunk/Application/WebServer/locvs.xml,1387,169,221,159,95400,10253,4,229
2007-11-14,323,/trunk/Application/WebServer/locvs.xml,1396,169,221,160,95955,10379,11,415
2007-11-15,327,/trunk/Application/WebServer/locvs.xml,1396,169,221,160,95850,10323,30,698
2007-11-15,328,/trunk/Application/WebServer/locvs.xml,1396,169,221,160,95843,10391,2,176
2007-11-15,329,/trunk/Application/WebServer/locvs.xml,1396,169,221,160,95827,10325,2,114
2007-11-15,330,/trunk/Application/WebServer/locvs.xml,1396,169,221,160,95868,10325,4,228
2007-11-15,332,/trunk/Application/WebServer/locvs.xml,1396,169,221,160,95858,10380,2,184
2007-11-15,334,/trunk/Application/WebServer/locvs.xml,1396,169,221,160,95834,10335,2,116
2007-11-19,344,/trunk/Application/WebServer/locvs.xml,1390,171,221,164,96922,10393,60,1198
2007-11-20,346,/trunk/Application/WebServer/locvs.xml,1390,171,221,164,96845,10375,6,219
2007-11-20,347,/trunk/Application/WebServer/locvs.xml,1387,171,221,164,96644,10375,3,158
2007-11-21,352,/trunk/Application/WebServer/locvs.xml,1387,171,221,164,96637,10356,2,169
2007-11-23,365,/trunk/Application/WebServer/locvs.xml,1389,173,221,164,96791,10388,18,665
2007-11-23,367,/trunk/Application/WebServer/locvs.xml,1394,173,221,165,97139,10412,11,417
2007-11-27,370,/trunk/Application/WebServer/locvs.xml,1394,173,221,165,97109,10415,2,131
2007-11-28,373,/trunk/Application/WebServer/locvs.xml,1410,172,227,165,97713,10469,28,515
2007-11-30,384,/trunk/Application/WebServer/locvs.xml,1410,172,227,165,97702,10523,2,160
2007-12-14,397,/trunk/Application/WebServer/locvs.xml,1412,172,227,165,97712,10506,2,59
2007-12-14,398,/trunk/Application/WebServer/locvs.xml,1422,172,231,165,98203,10544,14,354
2007-12-17,402,/trunk/Application/WebServer/locvs.xml,1422,172,231,165,98194,10511,2,132
2007-12-19,405,/trunk/Application/WebServer/locvs.xml,1450,172,237,168,100244,10791,32,707
2007-12-19,407,/trunk/Application/WebServer/locvs.xml,1452,172,237,168,100216,10883,12,411
2007-12-21,414,/trunk/Application/WebServer/locvs.xml,1452,172,237,168,100230,10846,4,240
2007-12-21,415,/trunk/Application/WebServer/locvs.xml,1455,172,237,168,100378,10843,5,234
2007-12-26,419,/trunk/Application/WebServer/locvs.xml,1455,172,237,168,100457,10923,10,273
2008-01-04,436,/trunk/Application/WebServer/locvs.xml,1455,172,237,168,100513,10918,18,596
2008-01-04,437,/trunk/Application/WebServer/locvs.xml,1463,172,237,168,101262,11037,60,1055
2008-01-09,443,/trunk/Application/WebServer/locvs.xml,1463,172,237,168,101262,11031,2,158
2008-01-11,446,/trunk/Application/WebServer/locvs.xml,1465,172,237,168,101287,11061,10,382
2008-01-11,450,/trunk/Application/WebServer/locvs.xml,1477,172,244,168,101983,11110,16,402
2008-01-11,451,/trunk/Application/WebServer/locvs.xml,1479,172,245,168,102051,11115,4,204
2008-01-17,456,/trunk/Application/WebServer/locvs.xml,1652,172,245,168,111442,12468,177,2085
2008-03-03,464,/trunk/Application/WebServer/locvs.xml,1703,172,238,167,119080,13871,131,2666
2008-03-03,467,/trunk/Application/WebServer/locvs.xml,1706,172,237,167,119025,13851,13,428
2008-03-05,490,/trunk/Application/WebServer/locvs.xml,1706,172,237,167,119023,13851,2,134
2008-03-07,507,/trunk/Application/WebServer/locvs.xml,1706,172,237,167,118615,13880,48,1183
2008-03-10,512,/trunk/Application/WebServer/locvs.xml,1707,172,238,167,118686,13897,1,117
2008-03-10,519,/trunk/Application/WebServer/locvs.xml,1713,171,238,168,118996,13892,26,501
2008-03-14,534,/trunk/Application/WebServer/locvs.xml,1713,171,238,168,118932,13888,2,158
2008-03-18,567,/trunk/Application/WebServer/locvs.xml,1721,167,242,169,119341,13892,60,849
2008-03-26,584,/trunk/Application/WebServer/locvs.xml,1726,167,242,169,119489,13938,5,154
2008-03-26,587,/trunk/Application/WebServer/locvs.xml,1726,167,242,169,119475,13983,2,208
2008-03-27,592,/trunk/Application/WebServer/locvs.xml,1733,167,242,167,119581,14093,37,639
2008-03-28,594,/trunk/Application/WebServer/locvs.xml,1789,167,268,167,122326,14627,64,982
2008-03-28,595,/trunk/Application/WebServer/locvs.xml,1798,167,268,169,122878,14681,15,350
2008-03-28,598,/trunk/Application/WebServer/locvs.xml,1799,167,268,169,122873,14663,9,269
2008-03-28,600,/trunk/Application/WebServer/locvs.xml,1799,167,268,169,122874,14713,10,340
2008-03-31,613,/trunk/Application/WebServer/locvs.xml,1798,167,271,168,122845,14717,9,351
2008-04-01,614,/trunk/Application/WebServer/locvs.xml,1814,167,280,169,123772,14776,42,798
2008-04-01,617,/trunk/Application/WebServer/locvs.xml,1814,166,281,169,123909,14789,42,843
2008-04-01,619,/trunk/Application/WebServer/locvs.xml,1743,167,284,170,115018,13241,89,2184
2008-04-02,623,/trunk/Application/WebServer/locvs.xml,1744,167,285,170,115183,13285,17,539
2008-04-02,628,/trunk/Application/WebServer/locvs.xml,1743,167,285,170,115181,13257,1,53
2008-04-07,636,/trunk/Application/WebServer/locvs.xml,1744,164,286,170,115106,13286,37,815
2008-04-09,648,/trunk/Application/WebServer/locvs.xml,1744,164,286,170,115106,13270,4,187
2008-04-09,650,/trunk/Application/WebServer/locvs.xml,1783,163,293,173,116838,13398,93,990
2008-04-09,651,/trunk/Application/WebServer/locvs.xml,1749,156,289,170,114616,13239,34,617
2008-04-10,656,/trunk/Application/WebServer/locvs.xml,1749,156,289,170,114632,13233,2,137
2008-04-15,665,/trunk/Application/WebServer/locvs.xml,1749,156,289,170,114632,13238,2,157
2008-04-15,666,/trunk/Application/WebServer/locvs.xml,1751,156,291,170,114736,13235,2,116
2008-04-15,668,/trunk/Application/WebServer/locvs.xml,1701,146,285,168,112096,13018,72,1184
2008-04-15,670,/trunk/Application/WebServer/locvs.xml,1692,146,286,166,111636,13006,15,427
2008-04-15,671,/trunk/Application/WebServer/locvs.xml,1693,146,286,166,111721,12975,3,192
2008-04-15,672,/trunk/Application/WebServer/locvs.xml,1693,146,286,166,111717,12987,2,123
2008-04-15,674,/trunk/Application/WebServer/locvs.xml,1701,145,285,168,112044,13046,40,735
2008-04-15,677,/trunk/Application/WebServer/locvs.xml,1700,145,285,168,112110,13053,15,474
2008-04-16,679,/trunk/Application/WebServer/locvs.xml,1699,145,284,168,112056,13035,1,93
2008-04-16,681,/trunk/Application/WebServer/locvs.xml,1699,145,284,168,112049,13076,2,166
2008-04-17,690,/trunk/Application/WebServer/locvs.xml,1701,146,285,167,112069,13084,36,776
2008-04-17,692,/trunk/Application/WebServer/locvs.xml,1701,146,285,167,112062,13086,10,390
2008-04-17,695,/trunk/Application/WebServer/locvs.xml,1703,146,286,167,112148,13089,12,490
2008-04-18,698,/trunk/Application/WebServer/locvs.xml,1703,146,286,167,112145,13111,2,133
2008-04-23,719,/trunk/Application/WebServer/locvs.xml,1706,146,285,167,112589,13151,63,1079
2008-04-23,720,/trunk/Application/WebServer/locvs.xml,1706,146,285,167,112592,13158,2,133
2008-04-23,724,/trunk/Application/WebServer/locvs.xml,1765,146,285,181,116380,13342,77,916
2008-04-24,727,/trunk/Application/WebServer/locvs.xml,1773,146,287,182,116829,13346,16,446
2008-04-24,728,/trunk/Application/WebServer/locvs.xml,1775,146,287,182,117001,13387,24,585
2008-04-24,729,/trunk/Application/WebServer/locvs.xml,1775,146,287,182,117007,13399,2,126
2008-04-29,750,/trunk/Application/WebServer/locvs.xml,1776,146,287,182,117131,13408,3,231
2008-05-05,758,/trunk/Application/WebServer/locvs.xml,1776,146,287,182,117150,13407,2,157
2008-05-06,760,/trunk/Application/WebServer/locvs.xml,1777,146,288,182,117228,13440,3,225
2008-05-12,763,/trunk/Application/WebServer/locvs.xml,1760,146,286,179,116133,13382,39,838
2008-05-12,764,/trunk/Application/WebServer/locvs.xml,1760,146,286,179,116132,13361,6,261
2008-05-12,765,/trunk/Application/WebServer/locvs.xml,1760,146,286,179,116148,13400,2,207
2008-05-12,766,/trunk/Application/WebServer/locvs.xml,1762,146,288,179,116332,13450,12,370
2008-05-14,770,/trunk/Application/WebServer/locvs.xml,1762,146,288,179,116368,13436,2,130
2008-05-16,771,/trunk/Application/WebServer/locvs.xml,1762,213,288,179,117352,13396,298,2937
2008-06-02,796,/trunk/Application/WebServer/locvs.xml,1762,213,288,179,117423,13450,4,220
2008-06-02,797,/trunk/Application/locvs.xml,1762,213,288,179,117423,13450,0,14
2008-06-04,807,/trunk/Application/locvs.xml,1824,219,305,185,121770,13780,96,1555
2008-06-04,809,/trunk/Application/locvs.xml,1848,222,307,188,123502,13968,48,1026
2008-06-05,810,/trunk/Application/locvs.xml,1868,222,306,192,125263,14133,106,1965
2008-06-05,811,/trunk/Application/locvs.xml,1880,223,310,193,126064,14213,30,830
2008-06-05,812,/trunk/Application/locvs.xml,1887,223,316,193,126683,14212,15,569
2008-06-13,815,/trunk/Application/locvs.xml,1925,223,321,201,129616,14417,78,1124
2008-06-17,816,/trunk/Application/locvs.xml,1929,223,321,202,130022,14411,20,472
2008-06-19,817,/trunk/Application/locvs.xml,1962,228,329,205,132423,14669,59,1065
2008-06-25,820,/trunk/Application/locvs.xml,2010,232,333,211,135663,14975,70,1357
2008-06-27,822,/trunk/Application/locvs.xml,2016,234,333,211,135790,14972,68,1233
2008-06-30,823,/trunk/Application/locvs.xml,2110,244,346,222,142017,15512,224,3034
2008-07-01,824,/trunk/Application/locvs.xml,2103,244,346,221,141660,15584,13,471
2008-07-02,827,/trunk/Application/locvs.xml,2103,244,346,221,141800,15586,4,264
2008-07-07,832,/trunk/Application/locvs.xml,2122,245,348,224,143167,15735,21,568
2008-07-07,833,/trunk/Application/locvs.xml,2122,245,348,224,143215,15723,8,209
2008-07-08,835,/trunk/Application/locvs.xml,2125,245,351,224,143536,15824,27,817
2008-07-09,836,/trunk/Application/locvs.xml,2125,245,351,224,143557,15751,2,209
2008-07-09,837,/trunk/Application/locvs.xml,2140,245,356,225,144538,15842,49,1001
2008-07-21,845,/trunk/Application/locvs.xml,2178,250,370,226,147051,16070,128,1881
2008-07-22,846,/trunk/Application/locvs.xml,2181,250,371,226,147199,16031,5,233
2008-07-23,848,/trunk/Application/locvs.xml,2181,250,371,226,143293,15732,198,2068
2008-07-24,852,/trunk/Application/locvs.xml,2181,250,371,226,143326,15793,6,314
2008-07-25,860,/trunk/Application/locvs.xml,2174,250,371,225,142853,15731,23,696
2008-09-03,892,/trunk/Application/locvs.xml,2192,250,372,228,144112,15849,36,830
2008-09-03,893,/trunk/Application/locvs.xml,2194,251,373,228,144322,15892,18,575
2008-09-03,894,/trunk/Application/locvs.xml,2196,252,375,227,144469,15901,26,758
2008-09-04,895,/trunk/Application/locvs.xml,2193,252,375,226,144157,15852,69,1231
2008-09-04,896,/trunk/Application/locvs.xml,2183,250,375,225,143753,15807,34,810
2008-09-04,897,/trunk/Application/locvs.xml,2184,250,376,225,143997,15933,15,468
2008-09-09,903,/trunk/Application/locvs.xml,2184,250,376,225,144072,15943,54,1202
2008-09-11,906,/trunk/Application/locvs.xml,2185,250,376,225,144155,15918,1,111
2008-09-12,913,/trunk/Application/locvs.xml,2185,250,376,225,144176,15954,8,393
2008-09-15,917,/trunk/Application/locvs.xml,2189,250,376,226,144550,15991,4,276
2008-09-15,918,/trunk/Application/locvs.xml,2192,250,377,226,144669,16023,39,624
2008-09-23,925,/trunk/Application/locvs.xml,2192,250,377,226,144669,15930,2,161
2008-10-01,935,/trunk/Application/locvs.xml,2192,250,377,226,144690,16051,2,185
2008-10-01,936,/trunk/Application/locvs.xml,2199,252,378,226,145035,16036,15,444
2008-10-02,938,/trunk/Application/locvs.xml,2199,252,378,226,145053,16061,2,140
2008-10-03,939,/trunk/Application/locvs.xml,2199,252,378,226,145072,16066,4,193
2008-10-10,947,/trunk/Application/locvs.xml,2199,252,378,226,145060,16047,2,188
2008-10-14,950,/trunk/Application/locvs.xml,2239,269,414,219,148915,16313,220,2643
2008-10-14,951,/trunk/Application/locvs.xml,2238,269,414,219,149256,16366,141,1764
2008-10-15,955,/trunk/Application/locvs.xml,2239,269,415,219,149358,16340,3,207
2008-10-27,957,/trunk/Application/locvs.xml,2247,270,416,218,150042,16480,62,1279
2008-10-27,958,/trunk/Application/locvs.xml,2247,270,416,218,150043,16488,2,149
2008-10-29,959,/trunk/Application/locvs.xml,2247,270,416,218,150045,16494,4,218
2008-10-29,961,/trunk/Application/locvs.xml,2257,270,423,218,150940,16563,34,811
2008-10-30,962,/trunk/Application/locvs.xml,2271,270,425,220,151913,16651,24,563
2008-10-30,963,/trunk/Application/locvs.xml,2272,270,425,220,151918,16623,5,231
2008-10-30,964,/trunk/Application/locvs.xml,2291,271,429,222,153345,16745,53,1245
2008-10-30,965,/trunk/Application/locvs.xml,2291,272,426,222,153502,16742,74,1396
2008-10-30,966,/trunk/Application/locvs.xml,2303,275,423,218,152171,16628,204,2344
2008-10-31,967,/trunk/Application/locvs.xml,2322,277,425,220,153413,16656,103,1230
2008-10-31,968,/trunk/Application/locvs.xml,2324,278,426,220,153607,16735,6,326
2008-10-31,969,/trunk/Application/locvs.xml,2324,278,426,220,153419,16637,0,14
2008-10-31,973,/trunk/Application/locvs.xml,2327,278,427,220,153575,16622,7,314
2008-10-31,977,/trunk/Application/locvs.xml,2334,278,427,221,155099,16728,269,3812
2008-10-31,987,/trunk/Application/locvs.xml,2335,278,427,221,155207,16764,3,244
2008-11-03,989,/trunk/Application/locvs.xml,2335,278,427,221,155205,16724,2,121
2008-11-05,998,/trunk/Application/locvs.xml,2340,278,427,221,155353,16812,5,147
2008-11-05,1001,/trunk/Application/locvs.xml,2359,278,427,221,155992,16907,19,284
2008-11-06,1003,/trunk/Application/locvs.xml,5051,278,427,221,302108,24476,2720,10318
2008-11-06,1006,/trunk/Application/locvs.xml,4933,278,427,221,298594,24393,276,1779
2008-11-06,1007,/trunk/Application/locvs.xml,4930,278,427,221,298573,24418,107,1208
2008-11-06,1008,/trunk/Application/locvs.xml,4930,278,427,221,298573,24420,168,1075
2008-11-06,1009,/trunk/Application/locvs.xml,4928,278,427,221,298522,24420,98,934
2008-11-06,1010,/trunk/Application/locvs.xml,4938,278,427,221,298884,24408,88,955
2008-11-06,1011,/trunk/Application/locvs.xml,4511,278,427,221,275389,23133,427,3036
2008-11-06,1012,/trunk/Application/locvs.xml,4511,278,427,221,268503,22761,556,6115
2008-11-10,1017,/trunk/Application/locvs.xml,4511,278,427,221,268521,22755,2,143
2008-11-10,1019,/trunk/Application/locvs.xml,4512,278,428,221,268595,22777,1,117
2008-11-11,1025,/trunk/Application/locvs.xml,4464,269,418,215,265038,22505,68,1300
2008-11-12,1036,/trunk/Application/locvs.xml,4464,269,418,215,265049,22491,2,175
2008-11-12,1040,/trunk/Application/locvs.xml,4502,269,418,215,266205,22552,96,919
2008-11-12,1041,/trunk/Application/locvs.xml,4519,269,418,215,266710,22654,51,700
2008-11-12,1043,/trunk/Application/locvs.xml,4539,269,418,215,267306,22640,56,651
2008-11-13,1044,/trunk/Application/locvs.xml,4540,269,418,215,267378,22665,3,213
2008-11-13,1045,/trunk/Application/locvs.xml,4546,269,418,216,267770,22698,26,723
2008-11-13,1046,/trunk/Application/locvs.xml,4546,269,418,216,267781,22701,2,176
2008-11-14,1054,/trunk/Application/locvs.xml,4621,269,418,216,269960,22731,205,1441
2008-11-17,1062,/trunk/Application/locvs.xml,4621,269,418,216,269960,22733,44,597
2008-11-17,1066,/trunk/Application/locvs.xml,4621,269,418,216,269967,22743,6,287
2008-11-18,1081,/trunk/Application/locvs.xml,4629,269,418,216,270369,22758,18,442
2008-11-18,1082,/trunk/Application/locvs.xml,4632,269,418,216,270523,22763,3,140
2008-11-18,1083,/trunk/Application/locvs.xml,4639,269,416,216,270819,22812,13,358
2008-11-21,1105,/trunk/Application/locvs.xml,4640,269,416,216,270933,22823,21,598
2008-11-21,1106,/trunk/Application/locvs.xml,4640,269,416,216,270952,22855,4,224
2008-11-21,1107,/trunk/Application/locvs.xml,4643,269,416,216,271066,22805,5,275
2008-11-21,1111,/trunk/Application/locvs.xml,4645,269,416,216,271198,22852,6,338
2008-11-21,1112,/trunk/Application/locvs.xml,4645,269,416,216,271327,22860,10,362
2008-11-21,1114,/trunk/Application/locvs.xml,4645,269,415,216,271332,22875,12,384
2008-11-24,1116,/trunk/Application/locvs.xml,4646,270,415,216,271367,22861,5,258
2008-11-24,1120,/trunk/Application/locvs.xml,4646,270,415,216,271373,22856,2,103
2008-11-25,1123,/trunk/Application/locvs.xml,4656,270,415,216,271771,22918,48,953
2008-11-25,1125,/trunk/Application/locvs.xml,4657,270,416,216,271825,22914,1,94
2008-11-25,1126,/trunk/Application/locvs.xml,4657,270,416,216,271808,22914,2,114
2008-11-26,1127,/trunk/Application/locvs.xml,4659,270,416,216,271952,22934,8,320
2008-11-26,1131,/trunk/Application/locvs.xml,4659,270,416,216,271953,22925,2,95
2008-11-27,1132,/trunk/Application/locvs.xml,4665,271,416,216,272116,22938,12,310
2008-11-27,1134,/trunk/Application/locvs.xml,4665,271,416,216,272133,22955,2,154
2008-11-28,1136,/trunk/Application/locvs.xml,4665,271,416,216,272161,22955,4,145
2008-11-28,1139,/trunk/Application/locvs.xml,4665,271,416,216,272176,22950,2,131
2008-11-28,1142,/trunk/Application/locvs.xml,4665,271,416,216,272210,22924,6,298
2008-12-04,1158,/trunk/Application/locvs.xml,4664,271,416,215,272098,22946,19,463
2008-12-04,1159,/trunk/Application/locvs.xml,4669,271,416,215,272708,22972,5,225
2008-12-05,1160,/trunk/Application/locvs.xml,4669,271,416,215,272707,22979,6,325
2008-12-09,1162,/trunk/Application/locvs.xml,4669,271,416,215,272726,22983,2,131
2008-12-09,1163,/trunk/Application/locvs.xml,4636,265,410,212,270485,22666,33,750
2008-12-09,1167,/trunk/Application/locvs.xml,4638,265,410,212,270558,22646,4,243
2008-12-09,1168,/trunk/Application/locvs.xml,4640,265,410,212,271089,22788,62,905
2008-12-10,1171,/trunk/Application/locvs.xml,4640,265,410,212,270588,22712,334,1663
2008-12-10,1175,/trunk/Application/locvs.xml,4641,265,410,212,270688,22703,9,340
2008-12-10,1176,/trunk/Application/locvs.xml,4405,265,410,212,266669,22216,1410,7193
2008-12-11,1177,/trunk/Application/locvs.xml,4403,265,410,212,266596,22197,4,182
2008-12-12,1178,/trunk/Application/locvs.xml,4451,265,410,212,268726,22154,50,462
2008-12-12,1179,/trunk/Application/locvs.xml,4460,265,410,212,269040,22244,9,251
2008-12-19,1185,/trunk/Application/locvs.xml,4460,265,410,212,269187,22235,20,412
2008-12-19,1187,/trunk/Application/locvs.xml,4316,267,413,214,261160,21034,198,2538
2008-12-19,1188,/trunk/Application/locvs.xml,4316,267,413,214,261169,21040,4,215
2008-12-19,1190,/trunk/Application/locvs.xml,4321,267,413,215,261601,21052,15,475
2008-12-19,1191,/trunk/Application/locvs.xml,4578,267,413,240,273911,21393,257,1311
2008-12-22,1194,/trunk/Application/locvs.xml,4575,267,413,241,273530,21357,19,490
2008-12-22,1195,/trunk/Application/locvs.xml,4566,267,413,241,273908,21356,93,477
2008-12-23,1196,/trunk/Application/locvs.xml,4602,267,413,241,275456,21387,36,312
2008-12-29,1200,/trunk/Application/locvs.xml,4597,267,413,240,275153,21395,5,230
2008-12-29,1201,/trunk/Application/locvs.xml,4602,267,413,240,275552,21449,59,961
2008-12-30,1202,/trunk/Application/locvs.xml,4616,269,414,241,276233,21473,14,375
2009-01-06,1212,/trunk/Application/locvs.xml,4616,269,414,241,276257,21480,12,491
2009-01-13,1223,/trunk/Application/locvs.xml,4618,270,414,241,276652,21523,32,886
2009-01-13,1224,/trunk/Application/locvs.xml,4624,271,414,242,277057,21556,14,440
2009-01-14,1231,/trunk/Application/locvs.xml,4660,296,414,242,277992,21670,42,453
2009-01-14,1232,/trunk/Application/locvs.xml,4774,300,423,254,284885,22182,114,1394
2009-01-14,1233,/trunk/Application/locvs.xml,4777,300,423,254,285011,22219,3,115
2009-01-15,1236,/trunk/Application/locvs.xml,4777,300,423,254,285013,22193,2,116
2009-01-16,1240,/trunk/Application/locvs.xml,4780,301,424,254,285225,22210,9,387
2009-01-16,1241,/trunk/Application/locvs.xml,4780,301,424,254,285220,22245,14,405
2009-01-19,1246,/trunk/Application/locvs.xml,4780,301,424,254,285227,22215,2,105
2009-01-21,1249,/trunk/Application/locvs.xml,4797,301,424,254,285790,22261,37,448
2009-01-21,1250,/trunk/Application/locvs.xml,4797,301,424,254,285794,22252,4,226
2009-01-22,1253,/trunk/Application/locvs.xml,4804,301,424,254,286227,22281,11,335
2009-01-26,1263,/trunk/Application/locvs.xml,4805,301,424,254,286267,22257,3,186
2009-01-26,1265,/trunk/Application/locvs.xml,4800,303,424,251,285470,22190,95,1194
2009-01-27,1271,/trunk/Application/locvs.xml,4800,303,424,251,285473,22170,6,212
2009-01-28,1275,/trunk/Application/locvs.xml,4800,303,424,251,285491,22212,2,188
2009-01-28,1276,/trunk/Application/locvs.xml,4800,303,424,251,285474,22222,2,189
2009-01-28,1278,/trunk/Application/locvs.xml,4799,303,424,251,285421,22179,1,99
2009-01-29,1280,/trunk/Application/locvs.xml,4856,303,424,251,288368,22275,59,853
2009-01-29,1286,/trunk/Application/locvs.xml,4856,303,424,251,288495,22280,18,503
2009-01-30,1287,/trunk/Application/locvs.xml,4856,303,424,251,288518,22301,2,141
2009-01-30,1290,/trunk/Application/locvs.xml,4856,303,424,251,288464,22290,2,156
2009-02-02,1294,/trunk/Application/locvs.xml,4815,305,428,252,286404,22316,185,1585
2009-02-02,1295,/trunk/Application/locvs.xml,4858,305,433,254,288377,22440,55,883
2009-02-06,1312,/trunk/Application/locvs.xml,4862,305,433,254,288469,22461,8,325
2009-02-06,1313,/trunk/Application/locvs.xml,4868,305,435,254,288874,22439,72,1200
2009-02-06,1314,/trunk/Application/locvs.xml,4868,305,435,254,288905,22460,2,221
2009-02-06,1316,/trunk/Application/locvs.xml,4868,305,435,254,288924,22473,2,131
2009-02-06,1317,/trunk/Application/locvs.xml,4868,305,435,254,288905,22460,2,126
2009-02-09,1323,/trunk/Application/locvs.xml,4868,305,435,254,288954,22455,4,288
2009-02-12,1335,/trunk/Application/locvs.xml,4868,305,435,254,288956,22467,2,170
2009-02-12,1340,/trunk/Application/locvs.xml,4737,305,435,228,281621,22199,181,1955
2009-02-13,1341,/trunk/Application/locvs.xml,4740,305,436,228,281751,22231,5,226
2009-02-16,1346,/trunk/Application/locvs.xml,4751,305,438,228,282201,22342,13,343
2009-02-18,1349,/trunk/Application/locvs.xml,4761,305,438,229,282796,22484,14,493
2009-02-19,1352,/trunk/Application/locvs.xml,4761,305,438,229,282794,22469,2,113
2009-02-20,1356,/trunk/Application/locvs.xml,4765,306,438,229,282925,22500,6,215
2009-02-23,1364,/trunk/Application/locvs.xml,4789,306,438,229,284077,22503,24,276
2009-02-25,1371,/trunk/Application/locvs.xml,4799,306,438,229,284560,22517,20,513
2009-02-26,1377,/trunk/Application/locvs.xml,4799,306,438,229,284568,22544,6,220
2009-02-27,1383,/trunk/Application/locvs.xml,4791,306,438,228,284188,22472,12,374
2009-03-02,1386,/trunk/Application/locvs.xml,4790,306,438,228,284195,22465,5,198
2009-03-02,1388,/trunk/Application/locvs.xml,4791,306,438,228,284248,22532,1,97
2009-03-02,1391,/trunk/Application/locvs.xml,4790,306,438,228,284195,22465,1,96
2009-03-03,1393,/trunk/Application/locvs.xml,4801,310,441,228,286794,22271,37,1006
2009-03-03,1394,/trunk/Application/locvs.xml,4805,310,441,228,286913,22403,4,151
2009-03-06,1399,/trunk/Application/locvs.xml,4805,310,441,228,286915,22405,2,122
2009-03-09,1411,/trunk/Application/locvs.xml,4809,310,443,228,287127,22446,4,170
2009-03-10,1412,/trunk/Application/locvs.xml,4814,310,443,228,287279,22509,7,215
2009-03-10,1415,/trunk/Application/locvs.xml,4823,310,443,228,287508,22484,13,235
2009-03-11,1417,/trunk/Application/locvs.xml,4830,311,445,228,287947,22579,9,324
2009-03-12,1427,/trunk/Application/locvs.xml,4829,311,445,228,287945,22576,1,48
2009-03-13,1433,/trunk/Application/locvs.xml,4843,313,446,229,288732,22619,28,640
2009-03-20,1453,/trunk/Application/locvs.xml,4843,313,446,229,288837,22655,44,625
2009-03-20,1454,/trunk/Application/locvs.xml,4843,313,446,229,288840,22647,2,132
2009-03-20,1455,/trunk/Application/locvs.xml,4843,313,446,229,288829,22620,8,298
2009-04-20,1466,/trunk/Application/locvs.xml,4860,314,459,229,290494,23017,307,4268
2009-04-22,1471,/trunk/Application/locvs.xml,4857,314,458,229,290527,23083,41,1041
2009-04-23,1473,/trunk/Application/locvs.xml,4894,314,465,229,292394,23227,79,1307
2009-04-23,1475,/trunk/Application/locvs.xml,4909,314,462,229,293665,23360,35,685
2009-04-23,1476,/trunk/Application/locvs.xml,4936,315,464,230,295117,23449,31,663
2009-04-27,1477,/trunk/Application/locvs.xml,5051,322,466,232,301346,23779,253,3413
2009-04-28,1478,/trunk/Application/locvs.xml,5052,323,466,232,301449,23795,19,409
2009-04-29,1479,/trunk/Application/locvs.xml,5052,323,466,232,301448,23809,8,314
2009-04-30,1481,/trunk/Application/locvs.xml,5052,323,466,232,301364,23819,12,189
2009-04-30,1482,/trunk/Application/locvs.xml,5053,323,467,232,301395,23879,3,226
2009-04-30,1485,/trunk/Application/locvs.xml,5053,323,467,232,301409,23832,2,147
2009-05-04,1487,/trunk/Application/locvs.xml,5053,323,467,232,301428,23867,4,216
2009-05-07,1490,/trunk/Application/locvs.xml,5064,323,473,232,302301,23896,17,496
2009-05-11,1491,/trunk/Application/locvs.xml,5106,323,473,232,304438,24002,42,666
2009-05-13,1493,/trunk/Application/locvs.xml,5107,323,473,232,304482,23994,3,221
2009-05-14,1494,/trunk/Application/locvs.xml,5164,323,473,232,306271,24040,61,430
2009-05-15,1495,/trunk/Application/locvs.xml,5165,323,473,232,306425,24046,7,347
2009-05-15,1496,/trunk/Application/locvs.xml,5166,323,473,232,306476,24029,5,240
2009-05-15,1497,/trunk/Application/locvs.xml,5166,323,473,232,306497,24035,2,179
2009-05-18,1498,/trunk/Application/locvs.xml,5166,323,473,232,306437,24099,8,234
2009-05-21,1505,/trunk/Application/locvs.xml,5165,323,473,232,306375,24006,1,111
2009-06-08,1508,/trunk/Application/locvs.xml,5517,323,473,232,324354,24583,352,2327
2009-06-09,1509,/trunk/Application/locvs.xml,5513,323,473,232,324083,24579,6,264
2009-06-12,1510,/trunk/Application/locvs.xml,7336,323,473,232,418546,26319,1875,7309
2009-06-15,1511,/trunk/Application/locvs.xml,7336,323,473,232,418606,26331,8,271
2009-06-16,1512,/trunk/Application/locvs.xml,7411,323,473,232,421666,26297,209,1779
2009-06-16,1513,/trunk/Application/locvs.xml,7438,323,473,232,423250,26424,29,564
2009-06-16,1514,/trunk/Application/locvs.xml,7466,323,473,232,424988,26470,134,1123
2009-06-16,1515,/trunk/Application/locvs.xml,7455,323,473,232,424626,26459,53,762
2009-06-17,1516,/trunk/Application/locvs.xml,7522,323,473,232,426063,26443,75,662
2009-07-02,1517,/trunk/Application/locvs.xml,7543,323,473,232,427043,26507,57,716
2009-07-06,1519,/trunk/Application/locvs.xml,7543,323,473,232,427043,26515,12,286
2009-07-14,1520,/trunk/Application/locvs.xml,7616,323,473,232,429294,26843,453,2908
2009-07-14,1521,/trunk/Application/locvs.xml,7610,323,473,232,429254,26852,14,298
2009-07-15,1522,/trunk/Application/locvs.xml,7610,323,473,232,429289,26838,18,243
2009-07-15,1523,/trunk/Application/locvs.xml,7610,323,473,232,429317,26869,4,136
2009-07-15,1524,/trunk/Application/locvs.xml,7621,323,473,232,429803,26913,35,531
2009-07-16,1525,/trunk/Application/locvs.xml,7621,323,473,232,429803,26877,16,235
2009-07-16,1526,/trunk/Application/locvs.xml,7622,323,473,232,429886,26908,3,145
2009-07-16,1528,/trunk/Application/locvs.xml,7627,323,473,232,429421,27009,157,1303
2009-07-17,1530,/trunk/Application/locvs.xml,7727,323,473,232,432633,27079,484,3652
2009-07-20,1532,/trunk/Application/locvs.xml,7727,323,473,232,432634,27082,2,124
2009-07-21,1533,/trunk/Application/locvs.xml,7801,323,473,232,438460,27432,518,2885
2009-07-21,1534,/trunk/Application/locvs.xml,7801,323,473,232,438454,27384,4,141
2009-07-21,1535,/trunk/Application/locvs.xml,7818,323,473,232,439571,27530,21,507
2009-07-21,1536,/trunk/Application/locvs.xml,7818,323,473,232,439569,27533,2,228
2009-07-22,1537,/trunk/Application/locvs.xml,8013,323,473,232,446622,27869,483,2828
2009-07-22,1538,/trunk/Application/locvs.xml,8324,323,473,232,469124,28594,1305,7446
2009-07-27,1541,/trunk/Application/locvs.xml,8748,323,473,232,484436,29167,698,3130
2009-07-28,1543,/trunk/Application/locvs.xml,8956,323,473,232,492325,29508,540,3070
2009-07-28,1544,/trunk/Application/locvs.xml,9726,323,473,232,522106,29785,1170,4008
2009-07-29,1545,/trunk/Application/locvs.xml,9726,323,473,232,522361,29852,34,268
2009-07-29,1546,/trunk/Application/locvs.xml,9726,323,473,232,522425,29824,2,74
2009-07-30,1547,/trunk/Application/locvs.xml,10454,323,473,233,550329,30608,1354,5806
2009-07-31,1549,/trunk/Application/locvs.xml,10747,323,473,233,564708,31242,623,4132
2009-07-31,1550,/trunk/Application/locvs.xml,10867,323,473,234,569342,31422,294,2505
2009-08-03,1551,/trunk/Application/locvs.xml,10929,323,473,234,572274,31624,112,1071
2009-08-04,1552,/trunk/Application/locvs.xml,10929,323,473,234,572293,31602,2,192
2009-08-04,1553,/trunk/Application/locvs.xml,10929,323,473,234,572311,31569,102,601
2009-08-04,1554,/trunk/Application/locvs.xml,10929,323,473,234,572389,31945,2,186
2009-08-05,1556,/trunk/Application/locvs.xml,10871,323,473,234,570497,31550,98,1161
2009-08-06,1557,/trunk/Application/locvs.xml,10872,323,474,234,570683,31706,21,516
2009-08-07,1558,/trunk/Application/locvs.xml,10877,324,475,234,571165,31684,31,549
2009-08-07,1559,/trunk/Application/locvs.xml,10882,324,475,234,571565,31790,11,431
2009-08-07,1560,/trunk/Application/locvs.xml,10898,324,475,234,572231,31846,34,495
2009-08-07,1561,/trunk/Application/locvs.xml,10894,324,475,234,571884,31801,10,315
2009-08-07,1562,/trunk/Application/locvs.xml,11280,324,475,234,587704,32061,952,5574
2009-08-07,1563,/trunk/Application/locvs.xml,11280,324,475,234,587672,32020,4,212
2009-08-07,1564,/trunk/Application/locvs.xml,11280,324,475,234,587577,32344,42,967
2009-08-10,1565,/trunk/Application/locvs.xml,11283,324,475,234,587878,32152,7,372
2009-08-12,1571,/trunk/Application/locvs.xml,11638,324,475,234,604056,32713,495,3051
2009-08-12,1573,/trunk/Application/locvs.xml,11781,324,475,234,611741,32796,199,1175
2009-08-14,1574,/trunk/Application/locvs.xml,17926,324,476,234,923239,41815,6329,15377
2009-08-17,1575,/trunk/Application/locvs.xml,17479,324,476,234,921339,41764,733,8170
2009-08-20,1576,/trunk/Application/locvs.xml,17804,324,476,234,934696,42236,643,4515
2009-08-21,1577,/trunk/Application/locvs.xml,18365,324,476,234,959084,43046,805,4410
2009-08-24,1578,/trunk/Application/locvs.xml,19020,324,476,234,988965,45366,1107,9876
2009-08-26,1580,/trunk/Application/locvs.xml,19367,324,477,235,1005520,45803,871,4438
2009-08-26,1581,/trunk/Application/locvs.xml,19464,324,478,235,1009717,46268,193,1834
2009-08-28,1582,/trunk/Application/locvs.xml,20388,324,486,238,1055144,48131,1520,6799
2009-08-28,1583,/trunk/Application/locvs.xml,21378,324,486,238,1104016,49241,2002,11455
2009-08-31,1584,/trunk/Application/locvs.xml,21860,324,486,238,1125026,50142,600,2873
2009-08-31,1585,/trunk/Application/locvs.xml,21891,324,487,238,1126395,50178,51,949
2009-08-31,1586,/trunk/Application/locvs.xml,22162,324,487,238,1136093,50489,1133,9992
2009-09-01,1589,/trunk/Application/locvs.xml,22162,324,487,238,1136107,50544,4,124
2010-01-15,1645,/trunk/Application/locvs.xml,22001,324,487,239,1130049,50682,671,8903
2010-02-19,1650,/trunk/Application/locvs.xml,22000,324,487,239,1130017,50736,1,76
2010-05-07,1656,/trunk/Application/locvs.xml,22115,324,487,239,1134968,50870,535,2098
2010-05-07,1657,/trunk/Application/locvs.xml,22115,324,487,239,1135580,50898,24,312
2010-05-07,1658,/trunk/Application/locvs.xml,22111,324,487,239,1135403,50847,38,698
2010-05-07,1659,/trunk/Application/locvs.xml,22177,324,489,239,1137787,51010,218,1902
2010-05-07,1660,/trunk/Application/locvs.xml,22177,324,489,239,1137372,51061,12,743
2010-05-10,1661,/trunk/Application/locvs.xml,22179,324,489,239,1137865,51217,20,968
2010-05-10,1662,/trunk/Application/locvs.xml,22339,324,489,239,1143416,51546,548,2837
2010-05-10,1663,/trunk/Application/locvs.xml,22468,324,490,240,1148839,52361,539,3883
2010-05-10,1664,/trunk/Application/locvs.xml,22512,324,490,240,1150250,52387,236,2487
2010-05-10,1665,/trunk/Application/locvs.xml,22512,324,490,240,1150256,52513,12,248
2010-05-10,1666,/trunk/Application/locvs.xml,22527,324,490,240,1149958,52398,101,2213
2010-05-11,1667,/trunk/Application/locvs.xml,22453,324,491,240,1145796,52053,206,2406
2010-05-11,1668,/trunk/Application/locvs.xml,22261,325,490,240,1137488,51630,244,2595
2010-05-11,1669,/trunk/Application/locvs.xml,22268,326,492,240,1137803,51745,55,1024
2010-05-11,1670,/trunk/Application/locvs.xml,22447,326,494,241,1145451,51943,323,2385
2010-05-11,1671,/trunk/Application/locvs.xml,22426,326,494,241,1143714,51851,145,1162
2010-05-11,1672,/trunk/Application/locvs.xml,22428,326,494,241,1144135,51927,6,420
2010-05-12,1673,/trunk/Application/locvs.xml,22464,326,498,241,1146491,52420,94,1465
2010-05-12,1674,/trunk/Application/locvs.xml,22470,326,498,241,1147063,52286,12,626
2010-05-12,1675,/trunk/Application/locvs.xml,22471,326,498,241,1147196,52321,7,353
2010-05-14,1676,/trunk/Application/locvs.xml,22471,326,498,241,1147188,52299,16,169
2010-05-14,1677,/trunk/Application/locvs.xml,22471,326,496,241,1147098,52314,4,262
2010-05-14,1678,/trunk/Application/locvs.xml,22560,326,496,241,1153919,52559,525,2692
2010-05-18,1679,/trunk/Application/locvs.xml,22596,326,496,241,1154071,52540,144,1981
2010-05-21,1680,/trunk/Application/locvs.xml,22674,326,496,241,1157370,52718,338,3416
2010-05-21,1681,/trunk/Application/locvs.xml,22679,326,496,241,1159429,52697,333,2143
2010-05-21,1682,/trunk/Application/locvs.xml,22679,326,496,241,1159837,52808,48,262
2010-05-21,1683,/trunk/Application/locvs.xml,22680,326,497,241,1159923,52903,5,281
2010-05-21,1684,/trunk/Application/locvs.xml,22682,326,497,241,1160148,52890,20,703
2010-05-28,1686,/trunk/Application/locvs.xml,22678,326,497,241,1160122,52850,22,639
2010-06-21,1688,/trunk/Application/locvs.xml,22678,326,497,241,1160334,53048,12,393
